Entry Time,Exit Time,Type,Entry Price,Exit Price,Points,Net PnL,Reason
2025-12-31 09:30:00+00:00,2026-01-01 03:55:00+00:00,BUY,26134.25,26187.2,52.95,3321.7,Target Hit
2026-01-01 06:35:00+00:00,2026-01-01 07:45:00+00:00,BUY,26130.85,26165.45,34.6,2128.97,Target Hit
2026-01-01 09:50:00+00:00,2026-01-02 03:45:00+00:00,BUY,26138.05,26181.65,43.6,2713.97,Target Hit
2026-01-02 09:00:00+00:00,2026-01-02 09:35:00+00:00,BUY,26285.65,26322.6,36.95,2281.7,Target Hit
2026-01-05 07:40:00+00:00,2026-01-05 08:00:00+00:00,BUY,26308.75,26288.3,-20.45,-1449.2,Stop Loss Hit
2026-01-06 09:30:00+00:00,2026-01-07 03:45:00+00:00,SELL,26178.5,26125.65,52.85,3315.22,Target Hit
2026-01-07 09:20:00+00:00,2026-01-07 09:35:00+00:00,SELL,26119.25,26145.5,-26.25,-1826.25,Stop Loss Hit
2026-01-07 09:40:00+00:00,2026-01-08 03:50:00+00:00,SELL,26151.8,26096.75,55.05,3458.3,Target Hit
2026-01-09 09:55:00+00:00,2026-01-12 03:45:00+00:00,SELL,25703.7,25611.05,92.65,5902.15,Target Hit
2026-01-12 06:45:00+00:00,2026-01-12 06:50:00+00:00,SELL,25601.3,25644.85,-43.55,-2950.67,Stop Loss Hit
2026-01-12 06:55:00+00:00,2026-01-12 07:00:00+00:00,SELL,25660.8,25697.5,-36.7,-2505.45,Stop Loss Hit
2026-01-12 07:10:00+00:00,2026-01-12 07:55:00+00:00,SELL,25723.05,25689.05,34.0,2090.0,Target Hit
2026-01-13 08:00:00+00:00,2026-01-13 08:40:00+00:00,BUY,25661.4,25636.55,-24.85,-1735.22,Stop Loss Hit
2026-01-14 07:50:00+00:00,2026-01-14 08:00:00+00:00,BUY,25717.15,25700.35,-16.8,-1212.05,Stop Loss Hit
2026-01-14 08:05:00+00:00,2026-01-14 08:20:00+00:00,BUY,25671.2,25638.95,-32.25,-2216.25,Stop Loss Hit
2026-01-16 03:45:00+00:00,2026-01-16 04:05:00+00:00,SELL,25729.85,25690.75,39.1,2421.47,Target Hit
2026-01-16 06:55:00+00:00,2026-01-16 07:30:00+00:00,BUY,25752.1,25725.85,-26.25,-1826.25,Stop Loss Hit
2026-01-19 09:50:00+00:00,2026-01-20 03:50:00+00:00,BUY,25561.9,25514.35,-47.55,-3210.8,Stop Loss Hit
2026-01-20 03:55:00+00:00,2026-01-20 04:05:00+00:00,BUY,25488.35,25457.95,-30.4,-2096.03,Stop Loss Hit
2026-01-21 06:40:00+00:00,2026-01-21 06:45:00+00:00,SELL,25136.15,25157.45,-21.3,-1504.42,Stop Loss Hit
2026-01-21 06:50:00+00:00,2026-01-21 06:55:00+00:00,SELL,25185.85,25133.2,52.65,3302.28,Target Hit
2026-01-21 07:05:00+00:00,2026-01-21 07:15:00+00:00,SELL,25226.65,25279.3,-52.65,-3542.28,Stop Loss Hit
2026-01-22 03:45:00+00:00,2026-01-22 03:50:00+00:00,SELL,25318.0,25338.0,-20.0,-1420.0,Stop Loss Hit
2026-01-22 05:25:00+00:00,2026-01-22 06:20:00+00:00,BUY,25221.7,25202.45,-19.25,-1371.25,Stop Loss Hit
2026-01-22 09:00:00+00:00,2026-01-22 09:15:00+00:00,SELL,25276.2,25298.45,-22.25,-1566.25,Stop Loss Hit
2026-01-23 06:05:00+00:00,2026-01-23 06:10:00+00:00,BUY,25229.1,25211.6,-17.5,-1257.5,Stop Loss Hit
2026-01-27 04:10:00+00:00,2026-01-27 04:25:00+00:00,SELL,25147.6,25108.9,38.7,2395.45,Target Hit
2026-01-27 08:05:00+00:00,2026-01-27 09:05:00+00:00,BUY,25031.7,25092.4,60.7,3825.58,Target Hit
2026-01-27 09:45:00+00:00,2026-01-27 09:50:00+00:00,SELL,25202.9,25229.95,-27.05,-1878.17,Stop Loss Hit
2026-01-28 06:55:00+00:00,2026-01-28 07:50:00+00:00,BUY,25271.8,25238.3,-33.5,-2297.5,Stop Loss Hit
2026-01-28 09:15:00+00:00,2026-01-28 09:20:00+00:00,SELL,25280.5,25307.2,-26.7,-1855.45,Stop Loss Hit
2026-01-28 09:25:00+00:00,2026-01-28 09:45:00+00:00,SELL,25320.7,25350.55,-29.85,-2060.35,Stop Loss Hit
2026-01-29 05:40:00+00:00,2026-01-29 05:50:00+00:00,SELL,25257.8,25287.5,-29.7,-2050.45,Stop Loss Hit
2026-01-30 03:45:00+00:00,2026-01-30 03:50:00+00:00,BUY,25259.3,25238.85,-20.45,-1449.33,Stop Loss Hit
2026-01-30 03:55:00+00:00,2026-01-30 04:05:00+00:00,BUY,25242.0,25290.65,48.65,3042.28,Target Hit
2026-02-04 08:00:00+00:00,2026-02-04 08:20:00+00:00,SELL,25765.15,25786.25,-21.1,-1491.47,Stop Loss Hit
2026-02-04 09:55:00+00:00,2026-02-05 03:50:00+00:00,BUY,25737.5,25682.3,-55.2,-3707.95,Stop Loss Hit
2026-02-05 03:55:00+00:00,2026-02-05 04:10:00+00:00,BUY,25690.65,25635.15,-55.5,-3727.5,Stop Loss Hit
2026-02-05 09:30:00+00:00,2026-02-05 09:45:00+00:00,SELL,25665.25,25629.25,36.0,2220.0,Target Hit
2026-02-06 06:05:00+00:00,2026-02-06 06:35:00+00:00,SELL,25627.85,25593.95,33.9,2083.53,Target Hit
2026-02-09 07:20:00+00:00,2026-02-09 07:45:00+00:00,BUY,25822.35,25857.35,35.0,2155.0,Target Hit
2026-02-10 07:50:00+00:00,2026-02-10 08:25:00+00:00,BUY,25931.85,25910.85,-21.0,-1485.0,Stop Loss Hit
2026-02-10 09:30:00+00:00,2026-02-10 09:50:00+00:00,SELL,25951.4,25911.55,39.85,2470.22,Target Hit
2026-02-11 03:45:00+00:00,2026-02-11 04:05:00+00:00,SELL,25985.0,25933.6,51.4,3221.03,Target Hit
2026-02-11 07:00:00+00:00,2026-02-12 03:45:00+00:00,BUY,25926.25,25855.25,-71.0,-4735.0,Stop Loss Hit
2026-02-12 07:20:00+00:00,2026-02-12 08:15:00+00:00,SELL,25853.5,25817.5,36.0,2220.0,Target Hit
2026-02-13 07:00:00+00:00,2026-02-13 07:20:00+00:00,SELL,25602.45,25556.95,45.5,2837.5,Target Hit
2026-02-13 08:15:00+00:00,2026-02-13 09:35:00+00:00,BUY,25510.3,25483.8,-26.5,-1842.5,Stop Loss Hit
2026-02-16 04:40:00+00:00,2026-02-16 05:20:00+00:00,SELL,25551.45,25513.6,37.85,2340.22,Target Hit
2026-02-17 08:25:00+00:00,2026-02-17 08:40:00+00:00,BUY,25698.85,25670.95,-27.9,-1933.53,Stop Loss Hit
2026-02-18 08:20:00+00:00,2026-02-18 08:35:00+00:00,BUY,25700.0,25735.45,35.45,2184.2,Target Hit
2026-02-20 09:15:00+00:00,2026-02-20 09:30:00+00:00,SELL,25649.85,25598.0,51.85,3250.22,Target Hit
2026-02-23 08:55:00+00:00,2026-02-23 09:00:00+00:00,SELL,25673.45,25693.6,-20.15,-1429.78,Stop Loss Hit
2026-02-23 09:15:00+00:00,2026-02-23 09:30:00+00:00,SELL,25698.55,25717.2,-18.65,-1332.15,Stop Loss Hit
2026-02-24 03:45:00+00:00,2026-02-24 03:55:00+00:00,BUY,25571.45,25548.65,-22.8,-1601.92,Stop Loss Hit
2026-02-24 04:00:00+00:00,2026-02-24 04:40:00+00:00,BUY,25513.9,25484.7,-29.2,-2018.08,Stop Loss Hit
2026-02-24 09:55:00+00:00,2026-02-25 03:45:00+00:00,SELL,25460.25,25561.8,-101.55,-6720.8,Stop Loss Hit
2026-02-25 06:10:00+00:00,2026-02-25 07:00:00+00:00,BUY,25588.0,25536.2,-51.8,-3487.05,Stop Loss Hit
2026-02-25 07:05:00+00:00,2026-02-25 07:10:00+00:00,BUY,25528.6,25504.3,-24.3,-1699.42,Stop Loss Hit
2026-02-25 07:15:00+00:00,2026-02-25 08:30:00+00:00,BUY,25467.85,25443.9,-23.95,-1676.7,Stop Loss Hit
2026-02-25 09:30:00+00:00,2026-02-26 03:45:00+00:00,SELL,25501.0,25535.1,-34.1,-2336.47,Stop Loss Hit
2026-02-26 04:05:00+00:00,2026-02-26 04:20:00+00:00,SELL,25545.0,25510.6,34.4,2116.03,Target Hit
2026-02-26 06:10:00+00:00,2026-02-26 06:50:00+00:00,BUY,25461.35,25432.4,-28.95,-2001.7,Stop Loss Hit
2026-02-26 09:00:00+00:00,2026-02-26 09:10:00+00:00,SELL,25462.45,25513.0,-50.55,-3405.8,Stop Loss Hit
2026-02-26 09:15:00+00:00,2026-02-27 03:45:00+00:00,SELL,25510.65,25395.4,115.25,7371.25,Target Hit
2026-02-27 03:55:00+00:00,2026-02-27 04:15:00+00:00,BUY,25364.55,25347.35,-17.2,-1238.08,Stop Loss Hit
2026-02-27 08:15:00+00:00,2026-02-27 08:55:00+00:00,SELL,25327.65,25293.55,34.1,2096.47,Target Hit
2026-02-27 09:30:00+00:00,2026-02-27 09:50:00+00:00,BUY,25183.5,25166.95,-16.55,-1195.8,Stop Loss Hit
2026-03-02 08:35:00+00:00,2026-03-02 08:40:00+00:00,SELL,24746.5,24787.4,-40.9,-2778.53,Stop Loss Hit
2026-03-02 08:45:00+00:00,2026-03-02 08:55:00+00:00,SELL,24782.15,24730.3,51.85,3250.22,Target Hit
2026-03-02 09:05:00+00:00,2026-03-02 09:10:00+00:00,SELL,24837.65,24864.85,-27.2,-1887.95,Stop Loss Hit
2026-03-04 03:45:00+00:00,2026-03-04 03:50:00+00:00,BUY,24385.1,24341.15,-43.95,-2976.7,Stop Loss Hit
2026-03-04 03:55:00+00:00,2026-03-04 04:10:00+00:00,BUY,24342.85,24408.75,65.9,4163.53,Target Hit
2026-03-04 07:25:00+00:00,2026-03-04 07:35:00+00:00,SELL,24416.8,24438.15,-21.35,-1507.72,Stop Loss Hit
2026-03-04 07:40:00+00:00,2026-03-04 08:20:00+00:00,SELL,24461.0,24428.55,32.45,1989.2,Target Hit
2026-03-05 08:20:00+00:00,2026-03-05 08:25:00+00:00,BUY,24592.6,24573.7,-18.9,-1348.53,Stop Loss Hit
2026-03-05 08:30:00+00:00,2026-03-05 08:35:00+00:00,BUY,24578.2,24552.9,-25.3,-1764.42,Stop Loss Hit
2026-03-05 08:40:00+00:00,2026-03-05 08:45:00+00:00,BUY,24553.75,24531.95,-21.8,-1537.05,Stop Loss Hit
2026-03-05 09:10:00+00:00,2026-03-05 09:15:00+00:00,SELL,24726.8,24758.4,-31.6,-2173.97,Stop Loss Hit
2026-03-09 05:20:00+00:00,2026-03-09 05:40:00+00:00,SELL,23851.45,23818.6,32.85,2015.22,Target Hit
2026-03-10 06:40:00+00:00,2026-03-10 06:50:00+00:00,BUY,24172.5,24152.0,-20.5,-1452.5,Stop Loss Hit
2026-03-11 04:05:00+00:00,2026-03-11 04:20:00+00:00,BUY,24192.45,24148.55,-43.9,-2973.4,Stop Loss Hit
2026-03-11 04:35:00+00:00,2026-03-11 05:05:00+00:00,BUY,24118.2,24085.55,-32.65,-2242.15,Stop Loss Hit
2026-03-12 05:30:00+00:00,2026-03-12 05:45:00+00:00,SELL,23767.2,23696.9,70.3,4449.42,Target Hit
2026-03-12 09:20:00+00:00,2026-03-12 09:35:00+00:00,BUY,23633.05,23666.8,33.75,2073.75,Target Hit
2026-03-13 06:00:00+00:00,2026-03-13 06:10:00+00:00,SELL,23391.3,23407.9,-16.6,-1198.97,Stop Loss Hit
2026-03-16 07:15:00+00:00,2026-03-16 07:45:00+00:00,BUY,23102.65,23151.1,48.45,3029.2,Target Hit
2026-03-17 05:50:00+00:00,2026-03-17 05:55:00+00:00,BUY,23412.75,23383.7,-29.05,-2008.3,Stop Loss Hit
2026-03-17 06:00:00+00:00,2026-03-17 06:20:00+00:00,BUY,23366.05,23410.45,44.4,2765.9,Target Hit
2026-03-17 07:15:00+00:00,2026-03-17 07:30:00+00:00,SELL,23484.35,23505.6,-21.25,-1501.25,Stop Loss Hit
2026-03-17 07:35:00+00:00,2026-03-17 07:45:00+00:00,SELL,23517.0,23554.5,-37.5,-2557.5,Stop Loss Hit
2026-03-18 09:50:00+00:00,2026-03-19 03:45:00+00:00,BUY,23751.25,23289.5,-461.75,-30133.75,Stop Loss Hit
2026-03-20 03:45:00+00:00,2026-03-20 04:00:00+00:00,SELL,23281.5,23313.8,-32.3,-2219.55,Stop Loss Hit
2026-03-20 06:30:00+00:00,2026-03-20 06:35:00+00:00,BUY,23228.95,23212.25,-16.7,-1205.45,Stop Loss Hit
2026-03-20 06:45:00+00:00,2026-03-20 06:50:00+00:00,BUY,23185.6,23155.05,-30.55,-2105.67,Stop Loss Hit
2026-03-20 06:55:00+00:00,2026-03-20 07:10:00+00:00,BUY,23155.15,23205.75,50.6,3168.97,Target Hit
2026-03-23 08:10:00+00:00,2026-03-23 08:15:00+00:00,SELL,22561.7,22598.95,-37.25,-2541.25,Stop Loss Hit
2026-03-23 08:20:00+00:00,2026-03-23 08:30:00+00:00,SELL,22601.35,22644.75,-43.4,-2941.03,Stop Loss Hit
2026-03-23 09:45:00+00:00,2026-03-24 03:45:00+00:00,BUY,22485.2,22785.15,299.95,19376.83,Target Hit
2026-03-24 09:05:00+00:00,2026-03-24 09:50:00+00:00,BUY,22895.95,22931.35,35.4,2181.03,Target Hit
2026-03-25 08:50:00+00:00,2026-03-25 09:10:00+00:00,BUY,23321.4,23357.35,35.95,2216.7,Target Hit
